epoch,time,train/loss,metrics/accuracy_top1,metrics/accuracy_top5,val/loss,lr/pg0,lr/pg1,lr/pg2
1,4.72115,1.0691,0.16129,1,1.14204,6.668e-05,6.668e-05,6.668e-05
2,9.26357,0.66267,0.48387,1,0.75461,0.000148545,0.000148545,0.000148545
3,13.5277,0.20778,0.83871,1,0.37754,0.000228759,0.000228759,0.000228759
4,18.6086,0.0424,1,1,0.18,0.000307323,0.000307323,0.000307323
5,24.6408,0.01611,1,1,0.06129,0.000384237,0.000384237,0.000384237
6,30.6791,0.0062,1,1,0.02645,0.0004595,0.0004595,0.0004595
7,37.0741,0.00164,1,1,0.00968,0.000533113,0.000533113,0.000533113
8,43.1222,0.00082,1,1,0.00522,0.000605076,0.000605076,0.000605076
9,49.2397,0.00042,1,1,0.00198,0.000675388,0.000675388,0.000675388
10,53.4454,0.00023,1,1,0.00124,0.00074405,0.00074405,0.00074405
11,57.3769,0.00024,1,1,0.00075,0.000811062,0.000811062,0.000811062
12,62.8916,0.00011,1,1,0.00037,0.000876424,0.000876424,0.000876424
13,68.5439,0.00016,1,1,0.00029,0.000940135,0.000940135,0.000940135
14,74.1525,7e-05,1,1,0.00014,0.0010022,0.0010022,0.0010022
15,79.8486,5e-05,1,1,8e-05,0.00106261,0.00106261,0.00106261
16,84.9063,0.0001,1,1,5e-05,0.00112137,0.00112137,0.00112137
17,89.7114,5e-05,1,1,4e-05,0.00117848,0.00117848,0.00117848
18,93.9183,1e-05,1,1,3e-05,0.00123394,0.00123394,0.00123394
19,97.9832,1e-05,1,1,3e-05,0.00128774,0.00128774,0.00128774
20,102.021,1e-05,1,1,2e-05,0.0013399,0.0013399,0.0013399
21,106,1e-05,1,1,2e-05,0.00133693,0.00133693,0.00133693
22,109.999,2e-05,1,1,2e-05,0.00132043,0.00132043,0.00132043
23,114.385,1e-05,1,1,2e-05,0.00130393,0.00130393,0.00130393
24,119.246,3e-05,1,1,1e-05,0.00128742,0.00128742,0.00128742
25,123.556,1e-05,1,1,1e-05,0.00127092,0.00127092,0.00127092
26,127.501,1e-05,1,1,1e-05,0.00125442,0.00125442,0.00125442
27,131.926,1e-05,1,1,1e-05,0.00123791,0.00123791,0.00123791
28,136.8,1e-05,1,1,1e-05,0.00122141,0.00122141,0.00122141
29,141.479,1e-05,1,1,1e-05,0.00120491,0.00120491,0.00120491
30,145.838,1e-05,1,1,1e-05,0.0011884,0.0011884,0.0011884
31,149.925,1e-05,1,1,1e-05,0.0011719,0.0011719,0.0011719
32,154.233,1e-05,1,1,1e-05,0.0011554,0.0011554,0.0011554
33,158.844,2e-05,1,1,1e-05,0.00113889,0.00113889,0.00113889
34,163.116,1e-05,1,1,1e-05,0.00112239,0.00112239,0.00112239
35,167.424,1e-05,1,1,1e-05,0.00110589,0.00110589,0.00110589
36,171.634,1e-05,1,1,1e-05,0.00108938,0.00108938,0.00108938
37,175.868,1e-05,1,1,1e-05,0.00107288,0.00107288,0.00107288
38,179.52,2e-05,1,1,1e-05,0.00105638,0.00105638,0.00105638
39,182.451,1e-05,1,1,1e-05,0.00103987,0.00103987,0.00103987
40,185.624,2e-05,1,1,1e-05,0.00102337,0.00102337,0.00102337
41,188.634,3e-05,1,1,1e-05,0.00100687,0.00100687,0.00100687
42,191.667,2e-05,1,1,1e-05,0.000990365,0.000990365,0.000990365
43,194.823,1e-05,1,1,1e-05,0.000973861,0.000973861,0.000973861
44,199.117,1e-05,1,1,1e-05,0.000957358,0.000957358,0.000957358
45,203.174,1e-05,1,1,1e-05,0.000940855,0.000940855,0.000940855
46,207.305,1e-05,1,1,1e-05,0.000924352,0.000924352,0.000924352
47,211.282,0,1,1,1e-05,0.000907848,0.000907848,0.000907848
48,215.265,1e-05,1,1,0,0.000891345,0.000891345,0.000891345
49,219.648,0,1,1,0,0.000874842,0.000874842,0.000874842
50,223.667,0,1,1,0,0.000858338,0.000858338,0.000858338
51,227.663,1e-05,1,1,1e-05,0.000841835,0.000841835,0.000841835
52,231.853,1e-05,1,1,0,0.000825332,0.000825332,0.000825332
53,235.994,2e-05,1,1,0,0.000808828,0.000808828,0.000808828
54,240.273,1e-05,1,1,0,0.000792325,0.000792325,0.000792325
55,244.565,1e-05,1,1,0,0.000775822,0.000775822,0.000775822
56,247.569,1e-05,1,1,0,0.000759318,0.000759318,0.000759318
57,250.551,1e-05,1,1,0,0.000742815,0.000742815,0.000742815
58,253.429,1e-05,1,1,0,0.000726312,0.000726312,0.000726312
59,256.192,2e-05,1,1,0,0.000709809,0.000709809,0.000709809
60,258.853,0,1,1,0,0.000693305,0.000693305,0.000693305
61,262.512,0,1,1,0,0.000676802,0.000676802,0.000676802
62,266.953,1e-05,1,1,0,0.000660299,0.000660299,0.000660299
63,271.358,1e-05,1,1,0,0.000643795,0.000643795,0.000643795
64,275.757,0,1,1,0,0.000627292,0.000627292,0.000627292
65,280.016,1e-05,1,1,0,0.000610789,0.000610789,0.000610789
66,284.288,1e-05,1,1,0,0.000594286,0.000594286,0.000594286
67,288.493,0,1,1,0,0.000577782,0.000577782,0.000577782
68,292.782,1e-05,1,1,0,0.000561279,0.000561279,0.000561279
69,296.912,1e-05,1,1,0,0.000544776,0.000544776,0.000544776
70,301.049,0,1,1,0,0.000528272,0.000528272,0.000528272
71,305.326,0,1,1,0,0.000511769,0.000511769,0.000511769
72,309.673,1e-05,1,1,0,0.000495266,0.000495266,0.000495266
73,314.175,0,1,1,1e-05,0.000478762,0.000478762,0.000478762
74,318.496,0,1,1,1e-05,0.000462259,0.000462259,0.000462259
75,322.745,0,1,1,0,0.000445756,0.000445756,0.000445756
76,327.129,0,1,1,0,0.000429253,0.000429253,0.000429253
77,331.203,0,1,1,0,0.000412749,0.000412749,0.000412749
78,335.26,0,1,1,0,0.000396246,0.000396246,0.000396246
79,339.274,1e-05,1,1,0,0.000379743,0.000379743,0.000379743
80,343.623,0,1,1,0,0.000363239,0.000363239,0.000363239
81,347.896,1e-05,1,1,0,0.000346736,0.000346736,0.000346736
82,352.037,1e-05,1,1,0,0.000330233,0.000330233,0.000330233
83,354.966,0,1,1,0,0.000313729,0.000313729,0.000313729
84,357.775,0,1,1,0,0.000297226,0.000297226,0.000297226
85,360.639,1e-05,1,1,0,0.000280723,0.000280723,0.000280723
86,363.665,1e-05,1,1,0,0.00026422,0.00026422,0.00026422
87,366.658,0,1,1,1e-05,0.000247716,0.000247716,0.000247716
88,369.663,1e-05,1,1,0,0.000231213,0.000231213,0.000231213
89,372.219,1e-05,1,1,0,0.00021471,0.00021471,0.00021471
90,375.141,1e-05,1,1,0,0.000198206,0.000198206,0.000198206
91,378.171,0,1,1,0,0.000181703,0.000181703,0.000181703
92,381.318,1e-05,1,1,0,0.0001652,0.0001652,0.0001652
93,384.389,1e-05,1,1,0,0.000148696,0.000148696,0.000148696
94,387.463,0,1,1,0,0.000132193,0.000132193,0.000132193
95,390.528,2e-05,1,1,0,0.00011569,0.00011569,0.00011569
96,393.624,1e-05,1,1,0,9.91865e-05,9.91865e-05,9.91865e-05
97,396.764,0,1,1,0,8.26832e-05,8.26832e-05,8.26832e-05
98,399.779,1e-05,1,1,0,6.61799e-05,6.61799e-05,6.61799e-05
99,402.996,1e-05,1,1,0,4.96766e-05,4.96766e-05,4.96766e-05
100,406.166,1e-05,1,1,0,3.31733e-05,3.31733e-05,3.31733e-05
